{
    "header_color_code": "Header color code",
    "text_color_code": "Text color code",
    "prompt_color_code": "Prompt color code",
    "background_color_code": "Background color code",
    "enter_system_name": "\nEnter system name",
    "set_root_password": "\nSet root password",
    "root_password": "Root password",
    "create_first_user": "\nCreate first user",
    "username": "Username",
    "user_password": "User password",
    "welcome": "Welcome to AlluOS initial setup",
    "setup_guide": "This script will guide you through the basic configuration of your system.",
    "setup_edit_later": "You can change these settings later by editing the config files directly.",
    "setup_complete": "\nSetup complete. You may now use AlluOS.",
    "press_enter": "Press enter to continue... ",
    "is_admin": "Give admin rights? (y/n)",

    "login_welcome": "Welcome {username}!",
    "user_not_found": "User not found.",
    "incorrect_password": "Password is incorrect.",
    "no_users_found": "No users found. Run the setup first.",
    "login_failed_exit": "Login failed. Exiting system.",

    "theme_setup_guide": "\nEnter ANSI color codes for your theme. Press Enter for default values.",
    "system_ready": "AlluOS is ready.",
    "exit_message": "Exiting AlluOS. Goodbye!",
    "command_not_found": "{command}: Command not found.",
    "logged_in_as": "Logged in as {username}\nAdmin: {is_admin}",
    "ctrl_c_exit": "\nKeyboardinterrupt detected. Exiting AlluOS.",

    "ls_path_not_found_error": "No such file or directory: {path}",
    "ls_permission_denied_error": "Permission denied: {path}",
    "ls_listing_error_msg": "Error listing directory {path}: {error}",

    "error_color_code": "Error color code",
    "file_color_code": "File color code",
    "folder_color_code": "Folder color code",

    "help_available_commands": "Available commands",
    "help_list_error": "Error listing commands: {error}",

    "version_header": "AlluOS System Information",
    "version_no_info": "No version information available or versions.json could not be loaded.",
    "version_not_available": "N/A",

    "apm_admin_required_error": "Access denied. Only administrators can install or manage packages.",
    "apm_usage_error": "Usage: apm [install <module_identifier> | list | uninstall <module_name> | update | <module_name> version]",
    "apm_install_usage": "Usage: apm install <module_identifier>",
    "apm_uninstall_usage": "Usage: apm uninstall <module_name>",
    "apm_update_usage": "Usage: apm update (no arguments needed, updates all installed modules)",
    "apm_unknown_command_error": "Unknown apm command: '{command}'.",

    "apm_downloading_msg": "Downloading module '{module}' from mirrorserver...",
    "apm_download_success": "Download successful.",
    "apm_download_error": "Error downloading module '{module}': {error}",
    "apm_download_general_error": "General download error for '{module}': {error}",

    "apm_extracting_msg": "Extracting module files and configuring...",
    "apm_no_config_error": "Installation failed: 'module_config.json' not found in the module package. Invalid module ZIP format.",
    "apm_invalid_config_error": "Installation failed: Missing required fields in 'module_config.json'. (name, version, module_main_file, command_file, command_name, target_module_folder)",
    "apm_zip_corrupt_error": "Installation failed: Downloaded file is not a valid ZIP file or is corrupted.",
    "apm_invalid_json_config_error": "Installation failed: 'module_config.json' is not valid JSON.",
    "apm_module_file_missing_error": "Installation failed: Module main file '{file}' not found in ZIP.",
    "apm_command_file_missing_error": "Installation failed: Command file '{file}' not found in ZIP.",
    "apm_module_folder_exists_error": "Installation failed: Target module folder '{folder}' is already in use by another module. Please check for naming conflicts.",
    "apm_command_exists_error": "Installation failed: Command '{command}' is already in use by another module. Please check for naming conflicts.",
    "apm_extract_success": "Extraction successful.",
    "apm_install_success": "Module '{module}' installed successfully!",
    "apm_restart_prompt": "Please restart AlluOS for changes to take effect.",

    "apm_installed_modules_header": "Installed Modules:",
    "apm_version_unknown": "Unknown",
    "apm_command_unknown": "Unknown",
    "apm_no_modules_installed": "No modules currently installed.",

    "apm_module_not_found_error": "Module '{module}' not found in installed modules list.",
    "apm_uninstall_confirm_prompt": "Are you sure you want to uninstall '{module}'?",
    "apm_uninstall_aborted_msg": "Uninstallation aborted.",
    "apm_module_folder_removed": "Module folder '{folder}' removed.",
    "apm_module_folder_missing_warning": "Warning: Module folder '{folder}' was expected but not found.",
    "apm_command_file_removed": "Command file '{command}.py' removed.",
    "apm_command_file_missing_warning": "Warning: Command file '{command}.py' was expected but not found.",
    "apm_uninstall_success": "Module '{module}' uninstalled successfully!",
    "apm_uninstall_error": "An error occurred during uninstallation of '{module}': {error}",

    "apm_update_all_header": "Updating All Installed Modules:",
    "apm_updating_module": "-> Updating '{module}' (Current: v{current_version})...",
    "apm_already_latest_version": "   '{module}' is already at the latest version (v{version}). Skipping.",
    "apm_new_version_found": "   New version detected. (Current: v{current}, New: v{new})",
    "apm_module_folder_removed_update": "   Old module folder '{folder}' removed.",
    "apm_command_file_removed_update": "   Old command file '{command}.py' removed.",
    "apm_update_install_failed_cleanup": "   Installation of new version failed. Attempting to clean up and remove module from installed list.",
    "apm_update_no_identifier_error": "   Could not update '{module}': Missing identifier in installed module data. Please try re-installing.",
    "apm_update_general_error": "   An error occurred during update of '{module}': {error}",
    "apm_update_summary_header": "Update Summary:",
    "apm_update_summary_updated": "  {count} modules updated successfully.",
    "apm_update_summary_failed": "  {count} modules failed to update.",
    "apm_update_summary_no_updates": "No updates were performed.",

    "apm_version_header": "Version Info for '{package}':",
    "apm_version_info_not_found": "No version details available for this package. It might not be installed or its data is corrupted.",

    "nani_no_file": "No file specified. Please provide a file name to edit.",
    "nani_file_not_found": "File '{file}' not found.",
    "nani_permission_denied": "Permission denied: Cannot open file '{file}'.",
    "nani_read_error": "Error reading file '{file}': {error}",
    "nani_not_a_file": "'{file}' is not a regular file.",
    "nani_file_not_found_creating": "File '{file}' not found. Creating new file.",
    "nani_editing_file_header": "--- Editing File: {file} ---",
    "nani_admin_required_save": "Error: Administrator rights required to save.",
    "nani_save_success": "File '{file}' saved successfully. Restart AlluOS to apply changes.",
    "nani_permission_denied_save": "Error: Permission denied: Cannot save file '{file}'.",
    "nani_write_error": "Error writing file '{file}': {error}",
    "nani_empty_file": "(File is empty)",
    "nani_status_modified": "MODIFIED",
    "nani_status_unmodified": "UNMODIFIED",
    "nani_scroll_info": "Showing line {offset} to {total}. Use 'next' for more, 'prev' for back.",
    "nani_external_edit_prompt": "Open temporary file '{file}' in external editor.",
    "nani_external_edit_instructions": "Please edit and save the file, then return here.",
    "nani_press_enter_to_continue": "Press ENTER when finished...",
    "nani_temp_file_error": "Temporary file error: {error}",
    "nani_editing_line": "Editing line {line}: '{content}'\nPlease enter new content:",
    "nani_line_updated": "Line updated.",
    "nani_insert_mode_prompt": "Start typing new line(s).",
    "nani_insert_mode_instructions": "Enter '!!END!!' on a new line to finish input.",
    "nani_lines_inserted": "{count} line(s) inserted.",
    "nani_no_lines_inserted": "No lines inserted.",
    "nani_delete_line_prompt": "Are you sure you want to delete line {line}?",
    "nani_line_deleted": "Line {line} deleted: '{content}'",
    "nani_unknown_command": "Unknown command: '{cmd}'.",
    "nani_invalid_command_format": "Invalid command format. Example: 'e 5'",
    "nani_invalid_line_number": "Invalid line number.",
    "nani_invalid_insert_position": "Invalid insert position.",
    "nani_unsaved_changes_warning": "Unsaved changes! Use 'q!' to quit or 'w' to save.",
    "nani_outside_root_error": "Access denied: Cannot edit files outside of the AlluOS root directory.",
    "ls_outside_root_error": "Access denied: Cannot list directories outside of the AlluOS root directory.",
    "home_dir_change_error": "Error changing to home directory '{home_path}': {error}",
    "cd_to_root_fallback": "Falling back to root directory.",
    "cd_to_root": "Changing directory to root.",
    "cd_path_not_found": "No such directory: '{path}'",
    "cd_not_a_directory": "'{path}' is not a directory.",
    "cd_permission_denied": "Permission denied: Cannot access directory '{path}'.",
    "cd_error": "Error changing directory to '{path}': {error}",
    "cd_outside_root_error": "Access denied: Cannot navigate outside of the AlluOS root directory.",
    "sudo_already_admin": "You are already an administrator. No need for sudo.",
    "sudo_no_root_password": "Root password not set. Cannot use sudo.",
    "sudo_password_prompt": "sudo password for root: ",
    "sudo_auth_success": "Authentication successful.",
    "sudo_incorrect_password": "Sorry, try again.",
    "command_execution_error": "Error executing '{command}': {error}",
    "user_home_dir_error": "Error setting up user home directory '{path}': {error}",
    "unexpected_system_error": "An unexpected system error occurred: {error}",
    "mkdir_no_args": "Usage: mkdir <directory_name> [directory_name2 ...]",
    "mkdir_outside_root_error": "Access denied: Cannot create directory '{path}' outside of the AlluOS root directory.",
    "mkdir_exists": "Directory '{path}' already exists.",
    "mkdir_success": "Directory '{path}' created successfully.",
    "mkdir_permission_denied": "Permission denied: Cannot create directory '{path}'.",
    "mkdir_error": "Error creating directory '{path}': {error}",
    "mv_usage": "Usage: mv <source> <destination>",
    "mv_source_outside_root_error": "Access denied: Source '{path}' is outside of the AlluOS root directory.",
    "mv_destination_outside_root_error": "Access denied: Destination '{path}' is outside of the AlluOS root directory.",
    "mv_source_not_found": "Cannot move: Source '{path}' not found.",
    "mv_success": "Moved '{source}' to '{destination}' successfully.",
    "mv_permission_denied": "Permission denied: Cannot move '{source}' to '{destination}'.",
    "mv_shutil_error": "Move failed for '{source}' to '{destination}': {error}",
    "mv_general_error": "An error occurred while moving '{source}': {error}",
    "cp_usage": "Usage: cp <source> <destination>",
    "cp_source_outside_root_error": "Access denied: Source '{path}' is outside of the AlluOS root directory.",
    "cp_destination_outside_root_error": "Access denied: Destination '{path}' is outside of the AlluOS root directory.",
    "cp_source_not_found": "Cannot copy: Source '{path}' not found.",
    "cp_destination_exists": "Cannot copy: Destination '{path}' already exists. Use 'rm' first if you want to replace it.",
    "cp_unsupported_type": "Cannot copy: '{path}' is not a file or directory.",
    "cp_success": "Copied '{source}' to '{destination}' successfully.",
    "cp_permission_denied": "Permission denied: Cannot copy '{source}' to '{destination}'.",
    "cp_shutil_error": "Copy failed for '{source}' to '{destination}': {error}",
    "cp_general_error": "An error occurred while copying '{source}': {error}",
    "rm_usage": "Usage: rm [-r] <file_or_directory> [file_or_directory2 ...]\n         Use -r for recursive deletion of directories.",
    "rm_outside_root_error": "Access denied: Cannot remove '{path}' outside of the AlluOS root directory.",
    "rm_not_found": "Cannot remove: '{path}' not found.",
    "rm_directory_no_recursive": "Cannot remove directory '{path}': use -r to remove directories recursively.",
    "rm_confirm_prompt": "Are you sure you want to remove {count} item(s)? (y/N): ",
    "rm_aborted": "Removal aborted.",
    "rm_file_success": "File '{path}' removed successfully.",
    "rm_directory_success": "Directory '{path}' and its contents removed successfully.",
    "rm_permission_denied": "Permission denied: Cannot remove '{path}'.",
    "rm_general_error": "An error occurred while removing '{path}': {error}",
    "sh_no_file_provided": "Usage: sh <script_file>",
    "sh_outside_root_error": "Access denied: Cannot execute script '{path}' outside of the AlluOS root directory.",
    "sh_file_not_found": "Script file '{path}' not found.",
    "sh_not_a_file": "'{path}' is not a file.",
    "sh_permission_denied": "Permission denied: Cannot execute script '{file}'.",
    "sh_execution_error": "Error executing script '{file}': {error}"
}