{
    "header_color_code": "Header Farbcode",
    "text_color_code": "Text Farbcode",
    "prompt_color_code": "Prompt Farbcode",
    "background_color_code": "Hintergrund Farbcode",
    "enter_system_name": "\nSystemnamen eingeben",
    "set_root_password": "\nRoot-Passwort festlegen",
    "root_password": "Root-Passwort",
    "create_first_user": "\nErsten Nutzer anlegen",
    "username": "Nutzername",
    "user_password": "Nutzerpasswort",
    "welcome": "Willkommen zur AlluOS Ersteinrichtung",
    "setup_guide": "Dieses Skript führt dich durch die grundlegende Konfiguration deines Systems.",
    "setup_edit_later": "Du kannst diese Einstellungen später direkt in den Konfigurationsdateien ändern.",
    "setup_complete": "\nEinrichtung abgeschlossen. Du kannst AlluOS jetzt nutzen.",
    "press_enter": "Enter drücken zum Fortfahren... ",
    "is_admin": "Admin-Rechte vergeben? (y/n)",

    "login_welcome": "Willkommen {username}!",
    "user_not_found": "Nutzer nicht gefunden.",
    "incorrect_password": "Passwort ist falsch.",
    "no_users_found": "Keine Nutzer gefunden. Bitte führe zuerst das Setup aus.",
    "login_failed_exit": "Login fehlgeschlagen. System wird beendet.",

    "theme_setup_guide": "\nGib ANSI-Farbcodes für dein Theme ein. Für Standardwerte einfach Enter drücken.",
    "system_ready": "AlluOS ist bereit.",
    "exit_message": "AlluOS wird beendet. Tschüss!",
    "command_not_found": "{command}: Befehl nicht gefunden.",
    "logged_in_as": "Angemeldet als {username}\nAdmin: {is_admin}",
    "ctrl_c_exit": "\nKeyboardInterrupt erkannt. AlluOS wird beendet.",

    "ls_path_not_found_error": "Datei oder Verzeichnis nicht gefunden: {path}",
    "ls_permission_denied_error": "Zugriff verweigert: {path}",
    "ls_listing_error_msg": "Fehler beim Auflisten des Verzeichnisses {path}: {error}",

    "error_color_code": "Fehler Farbcode",
    "file_color_code": "Datei Farbcode",
    "folder_color_code": "Ordner Farbcode",

    "help_available_commands": "Verfügbare Befehle",
    "help_list_error": "Fehler beim Auflisten der Befehle: {error}",

    "version_header": "AlluOS Systeminformationen",
    "version_no_info": "Keine Versionsinformationen verfügbar oder versions.json konnte nicht geladen werden.",
    "version_not_available": "N/A",

    "apm_admin_required_error": "Zugriff verweigert. Nur Administratoren können Pakete installieren oder verwalten.",
    "apm_usage_error": "Nutzung: apm [install <modul_identifikator> | list | uninstall <modulname> | update | <modulname> version]",
    "apm_install_usage": "Nutzung: apm install <modul_identifikator>",
    "apm_uninstall_usage": "Nutzung: apm uninstall <modulname>",
    "apm_update_usage": "Nutzung: apm update (keine Argumente nötig, aktualisiert alle installierten Module)",
    "apm_unknown_command_error": "Unbekannter apm Befehl: '{command}'.",

    "apm_downloading_msg": "Lade Modul '{module}' vom Mirrorserver herunter...",
    "apm_download_success": "Download erfolgreich.",
    "apm_download_error": "Fehler beim Herunterladen von Modul '{module}': {error}",
    "apm_download_general_error": "Allgemeiner Download-Fehler für '{module}': {error}",

    "apm_extracting_msg": "Extrahiere Moduldateien und konfiguriere...",
    "apm_no_config_error": "Installation fehlgeschlagen: 'module_config.json' nicht im Modulpaket gefunden. Ungültiges Modul-ZIP-Format.",
    "apm_invalid_config_error": "Installation fehlgeschlagen: Erforderliche Felder in 'module_config.json' fehlen. (name, version, module_main_file, command_file, command_name, target_module_folder)",
    "apm_zip_corrupt_error": "Installation fehlgeschlagen: Heruntergeladene Datei ist keine gültige ZIP-Datei oder ist beschädigt.",
    "apm_invalid_json_config_error": "Installation fehlgeschlagen: 'module_config.json' ist kein gültiges JSON.",
    "apm_module_file_missing_error": "Installation fehlgeschlagen: Hauptmoduldatei '{file}' nicht im ZIP gefunden.",
    "apm_command_file_missing_error": "Installation fehlgeschlagen: Befehlsdatei '{file}' nicht im ZIP gefunden.",
    "apm_module_folder_exists_error": "Installation fehlgeschlagen: Zielmodulordner '{folder}' wird bereits von einem anderen Modul verwendet. Bitte auf Namenskonflikte prüfen.",
    "apm_command_exists_error": "Installation fehlgeschlagen: Befehl '{command}' wird bereits von einem anderen Modul verwendet. Bitte auf Namenskonflikte prüfen.",
    "apm_extract_success": "Extraktion erfolgreich.",
    "apm_install_success": "Modul '{module}' erfolgreich installiert!",
    "apm_restart_prompt": "Bitte starte AlluOS neu, damit die Änderungen wirksam werden.",

    "apm_installed_modules_header": "Installierte Module:",
    "apm_version_unknown": "Unbekannt",
    "apm_command_unknown": "Unbekannt",
    "apm_no_modules_installed": "Keine Module installiert.",

    "apm_module_not_found_error": "Modul '{module}' nicht in der Liste der installierten Module gefunden.",
    "apm_uninstall_confirm_prompt": "Bist du sicher, dass du '{module}' deinstallieren möchtest?",
    "apm_uninstall_aborted_msg": "Deinstallation abgebrochen.",
    "apm_module_folder_removed": "Modulordner '{folder}' entfernt.",
    "apm_module_folder_missing_warning": "Warnung: Modulordner '{folder}' wurde erwartet, aber nicht gefunden.",
    "apm_command_file_removed": "Befehlsdatei '{command}.py' entfernt.",
    "apm_command_file_missing_warning": "Warnung: Befehlsdatei '{command}.py' wurde erwartet, aber nicht gefunden.",
    "apm_uninstall_success": "Modul '{module}' erfolgreich deinstalliert!",
    "apm_uninstall_error": "Ein Fehler ist während der Deinstallation von '{module}' aufgetreten: {error}",

    "apm_update_all_header": "Aktualisiere alle installierten Module:",
    "apm_updating_module": "-> Aktualisiere '{module}' (Aktuell: v{current_version})...",
    "apm_already_latest_version": "   '{module}' ist bereits auf der neuesten Version (v{version}). Überspringe.",
    "apm_new_version_found": "   Neue Version gefunden. (Aktuell: v{current}, Neu: v{new})",
    "apm_module_folder_removed_update": "   Alter Modulordner '{folder}' entfernt.",
    "apm_command_file_removed_update": "   Alte Befehlsdatei '{command}.py' entfernt.",
    "apm_update_install_failed_cleanup": "   Installation der neuen Version fehlgeschlagen. Versuche aufzuräumen und Modul aus der installierten Liste zu entfernen.",
    "apm_update_no_identifier_error": "   Konnte '{module}' nicht aktualisieren: Identifikator in installierten Moduldaten fehlt. Bitte versuche eine Neuinstallation.",
    "apm_update_general_error": "   Ein Fehler ist während der Aktualisierung von '{module}' aufgetreten: {error}",
    "apm_update_summary_header": "Update Zusammenfassung:",
    "apm_update_summary_updated": "  {count} Module erfolgreich aktualisiert.",
    "apm_update_summary_failed": "  {count} Module konnten nicht aktualisiert werden.",
    "apm_update_summary_no_updates": "Keine Updates durchgeführt.",

    "apm_version_header": "Versionsinfo für '{package}':",
    "apm_version_info_not_found": "Keine Versionsdetails für dieses Paket verfügbar. Es ist möglicherweise nicht installiert oder seine Daten sind beschädigt.",

    "nani_no_file": "Keine Datei angegeben. Bitte gib einen Dateinamen zum Bearbeiten an.",
    "nani_file_not_found": "Datei '{file}' nicht gefunden.",
    "nani_permission_denied": "Zugriff verweigert: Datei '{file}' kann nicht geöffnet werden.",
    "nani_read_error": "Fehler beim Lesen der Datei '{file}': {error}",
    "nani_not_a_file": "'{file}' ist keine reguläre Datei.",
    "nani_file_not_found_creating": "Datei '{file}' nicht gefunden. Neue Datei wird erstellt.",
    "nani_editing_file_header": "--- Bearbeite Datei: {file} ---",
    "nani_admin_required_save": "Fehler: Administratorrechte zum Speichern erforderlich.",
    "nani_save_success": "Datei '{file}' erfolgreich gespeichert. Starte AlluOS neu, um wichtige Änderungen zu übernehmen.",
    "nani_permission_denied_save": "Fehler: Zugriff verweigert: Datei '{file}' kann nicht gespeichert werden.",
    "nani_write_error": "Fehler beim Schreiben der Datei '{file}': {error}",
    "nani_empty_file": "(Datei ist leer)",
    "nani_status_modified": "MODIFIZIERT",
    "nani_status_unmodified": "NICHT MODIFIZIERT",
    "nani_scroll_info": "Zeigt Zeile {offset} bis {total} an. 'next' für weiter, 'prev' für zurück.",
    "nani_external_edit_prompt": "Öffne temporäre Datei '{file}' in externem Editor.",
    "nani_external_edit_instructions": "Bitte bearbeite und speichere die Datei, dann kehre hierher zurück.",
    "nani_press_enter_to_continue": "Drücke ENTER, wenn du fertig bist...",
    "nani_temp_file_error": "Temporäre Datei Fehler: {error}",
    "nani_editing_line": "Bearbeite Zeile {line}: '{content}'\nBitte neuen Inhalt eingeben:",
    "nani_line_updated": "Zeile aktualisiert.",
    "nani_insert_mode_prompt": "Beginne die Eingabe für neue Zeile(n).",
    "nani_insert_mode_instructions": "Gib '!!END!!' auf einer neuen Zeile ein, um die Eingabe zu beenden.",
    "nani_lines_inserted": "{count} Zeile(n) eingefügt.",
    "nani_no_lines_inserted": "Keine Zeilen eingefügt.",
    "nani_delete_line_prompt": "Bist du sicher, dass du Zeile {line} löschen möchtest?",
    "nani_line_deleted": "Zeile {line} gelöscht: '{content}'",
    "nani_unknown_command": "Unbekannter Befehl: '{cmd}'.",
    "nani_invalid_command_format": "Ungültiges Befehlsformat. Beispiel: 'e 5'",
    "nani_invalid_line_number": "Ungültige Zeilennummer.",
    "nani_invalid_insert_position": "Ungültige Einfügeposition.",
    "nani_unsaved_changes_warning": "Ungespeicherte Änderungen! Benutze 'q!' zum Beenden oder 'w' zum Speichern.",
    "nani_outside_root_error": "Zugriff verweigert: Dateien außerhalb des AlluOS-Root-Verzeichnisses können nicht bearbeitet werden.",
    "ls_outside_root_error": "Zugriff verweigert: Verzeichnisse außerhalb des AlluOS-Root-Verzeichnisses können nicht aufgelistet werden.",
    "home_dir_change_error": "Fehler beim Wechsel ins Home-Verzeichnis '{home_path}': {error}",
    "cd_to_root_fallback": "Wechsle stattdessen ins Root-Verzeichnis.",
    "cd_to_root": "Wechsle ins Root-Verzeichnis.",
    "cd_path_not_found": "Verzeichnis nicht gefunden: '{path}'",
    "cd_not_a_directory": "'{path}' ist kein Verzeichnis.",
    "cd_permission_denied": "Zugriff verweigert: Du kannst nicht auf '{path}' zugreifen.",
    "cd_error": "Fehler beim Wechsel nach '{path}': {error}",
    "cd_outside_root_error": "Zugriff verweigert: Du kannst nicht außerhalb des AlluOS-Root-Verzeichnisses navigieren.",
    "sudo_already_admin": "Du bist bereits Administrator. Sudo ist nicht nötig.",
    "sudo_no_root_password": "Root-Passwort nicht gesetzt. Sudo kann nicht verwendet werden.",
    "sudo_password_prompt": "sudo Passwort für root: ",
    "sudo_auth_success": "Authentifizierung erfolgreich.",
    "sudo_incorrect_password": "Leider falsch, versuch's nochmal.",
    "command_execution_error": "Fehler beim Ausführen von '{command}': {error}",
    "user_home_dir_error": "Fehler beim Einrichten des Nutzer-Home-Verzeichnisses '{path}': {error}",
    "unexpected_system_error": "Ein unerwarteter Systemfehler ist aufgetreten: {error}",
    "mkdir_no_args": "Nutzung: mkdir <verzeichnisname> [verzeichnisname2 ...]",
    "mkdir_outside_root_error": "Zugriff verweigert: Verzeichnis '{path}' kann nicht außerhalb des AlluOS-Root-Verzeichnisses erstellt werden.",
    "mkdir_exists": "Verzeichnis '{path}' existiert bereits.",
    "mkdir_success": "Verzeichnis '{path}' erfolgreich erstellt.",
    "mkdir_permission_denied": "Zugriff verweigert: Verzeichnis '{path}' kann nicht erstellt werden.",
    "mkdir_error": "Fehler beim Erstellen von Verzeichnis '{path}': {error}",
    "mv_usage": "Nutzung: mv <quelle> <ziel>",
    "mv_source_outside_root_error": "Zugriff verweigert: Quelle '{path}' ist außerhalb des AlluOS-Root-Verzeichnisses.",
    "mv_destination_outside_root_error": "Zugriff verweigert: Ziel '{path}' ist außerhalb des AlluOS-Root-Verzeichnisses.",
    "mv_source_not_found": "Verschieben nicht möglich: Quelle '{path}' nicht gefunden.",
    "mv_success": "'{source}' erfolgreich nach '{destination}' verschoben.",
    "mv_permission_denied": "Zugriff verweigert: '{source}' kann nicht nach '{destination}' verschoben werden.",
    "mv_shutil_error": "Verschieben/Umbenennen von '{source}' nach '{destination}' fehlgeschlagen: {error}",
    "mv_general_error": "Ein Fehler ist beim Verschieben von '{source}' aufgetreten: {error}",
    "cp_usage": "Nutzung: cp <quelle> <ziel>",
    "cp_source_outside_root_error": "Zugriff verweigert: Quelle '{path}' ist außerhalb des AlluOS-Root-Verzeichnisses.",
    "cp_destination_outside_root_error": "Zugriff verweigert: Ziel '{path}' ist außerhalb des AlluOS-Root-Verzeichnisses.",
    "cp_source_not_found": "Kopieren nicht möglich: Quelle '{path}' nicht gefunden.",
    "cp_destination_exists": "Kopieren nicht möglich: Ziel '{path}' existiert bereits. Lösche es zuerst mit 'rm', wenn du es ersetzen willst.",
    "cp_unsupported_type": "Kopieren nicht möglich: '{path}' ist keine Datei oder kein Verzeichnis.",
    "cp_success": "'{source}' erfolgreich nach '{destination}' kopiert.",
    "cp_permission_denied": "Zugriff verweigert: '{source}' kann nicht nach '{destination}' kopiert werden.",
    "cp_shutil_error": "Kopieren von '{source}' nach '{destination}' fehlgeschlagen: {error}",
    "cp_general_error": "Ein Fehler ist beim Kopieren von '{source}' aufgetreten: {error}",
    "rm_usage": "Nutzung: rm [-r] <datei_oder_verzeichnis> [datei_oder_verzeichnis2 ...]\n         Nutze -r für rekursives Löschen von Verzeichnissen.",
    "rm_outside_root_error": "Zugriff verweigert: '{path}' kann nicht außerhalb des AlluOS-Root-Verzeichnisses gelöscht werden.",
    "rm_not_found": "Löschen nicht möglich: '{path}' nicht gefunden.",
    "rm_directory_no_recursive": "Verzeichnis '{path}' kann nicht gelöscht werden: Nutze -r für rekursives Löschen von Verzeichnissen.",
    "rm_confirm_prompt": "Bist du sicher, dass du {count} Element(e) löschen möchtest? (y/N): ",
    "rm_aborted": "Löschen abgebrochen.",
    "rm_file_success": "Datei '{path}' erfolgreich gelöscht.",
    "rm_directory_success": "Verzeichnis '{path}' und dessen Inhalt erfolgreich gelöscht.",
    "rm_permission_denied": "Zugriff verweigert: '{path}' kann nicht gelöscht werden.",
    "rm_general_error": "Ein Fehler ist beim Löschen von '{path}' aufgetreten: {error}",
    "sh_no_file_provided": "Nutzung: sh <skriptdatei>",
    "sh_outside_root_error": "Zugriff verweigert: Skript '{path}' kann nicht außerhalb des AlluOS-Root-Verzeichnisses ausgeführt werden.",
    "sh_file_not_found": "Skriptdatei '{path}' nicht gefunden.",
    "sh_not_a_file": "'{path}' ist keine Datei.",
    "sh_permission_denied": "Zugriff verweigert: Skript '{file}' kann nicht ausgeführt werden.",
    "sh_execution_error": "Fehler beim Ausführen von Skript '{file}': {error}"
}