{
    "AlluOS": {
        "version": "1.0.0",
        "release_date": "05-07-2025",
        "description": "AlluOS is a lightweight operating system. It is not supposed to be used as a daily driver, but rather as a fun project and a sandbox for learning.",
        "author": "Kiwi8474",
        "url": "https://github.com/Kiwi8474/AlluOS",
        "license": "MIT",
        "min_python_version": "3.12.3",
        "changelog_url": "https://github.com/Kiwi8474/AlluOS/blob/main/CHANGELOG.md"
    },
    "AlluTerm": {
        "version": "1.0.0",
        "release_date": "05-07-2025",
        "description": "AlluTerm is a terminal emulator programmed specially for AlluOS.",
        "author": "Kiwi8474"
    },
    "AlluPackageManager": {
        "version": "1.0.0",
        "release_date": "05-07-2025",
        "description": "AlluPackageManager is the package manager for AlluOS. It is used to install, update, remove and list packages.",
        "author": "Kiwi8474",
        "mirror": "http://apm-mirror.duckdns.org/apm_packages/"
    },
    "Nani": {
        "version": "1.1.1",
        "release_date": "05-07-2025",
        "description": "Nani is your straightforward, command-line text editor for AlluOS, letting you manage files with simple commands.",
        "author": "Kiwi8474"
    }
}